Workbook

Sheet Home
B15: Customer Segment | C15: Customers | D15: Historical Customer Share | E15: Avg Historical Orders | F15: Avg Historical Revenue | G15: Avg Days Between Last Historical Order and Cutoff Date
B16: Loyal & Active | C16: 7099 | D16: 14.84 | E16: 8.58 | F16: 370116.32 | G16: 39.2
B17: Loyal but Cooling | C17: 4843 | D17: 10.12 | E17: 8.09 | F17: 341691 | G17: 174.6
B18: Developing | C18: 12792 | D18: 26.74 | E18: 4.49 | F18: 199172.4 | G18: 42.7
B19: Low Engagement / Lapsed | C19: 23101 | D19: 48.29 | E19: 3.83 | F19: 166517.37 | G19: 268.7

Sheet Purchasing Behavior

Sheet Digital Engagement
T20: ='Digital - Behavior Value'!F2 -> -3738.68 | U20: ='Digital - Behavior Value'!G2 -> -18.59
T22: ='Digital - Behavior Value'!F3 -> 408.78 | U22: ='Digital - Behavior Value'!G3 -> 2.52
T25: ='Digital - Behavior Value'!F4 -> -241.9 | U25: ='Digital - Behavior Value'!G4 -> -1.46
T28: ='Digital - Behavior Value'!F5 -> 282.92 | U28: ='Digital - Behavior Value'!G5 -> 1.73

Sheet Support Experience

Sheet Insights and Recommendations 

Sheet Home Dashboard KPIs
A1: historical_customers | B1: future_repeat_customers | C1: future_repeat_purchase_rate | D1: avg_future_revenue_per_customer | E1: avg_future_revenue_per_repeat_customer
A2: 47835 | B2: 15051 | C2: 31.46 | D2: 16439.85 | E2: 56449.65
A4: historical customers | B4: future repeat customers | C4: future repeat purchase rate | D4: avg future revenue per customer | E4: avg future revenue per repeat customer
A5: =INDEX(Retention_Overview_KPIs[],1) -> 47835 | B5: =INDEX(Retention_Overview_KPIs[],2) -> 15051 | C5: =(ROUND(INDEX(Retention_Overview_KPIs[],3),1))&"%" -> 31.5% | D5: =ROUND(INDEX(Retention_Overview_KPIs[],4),0) -> 16440 | E5: =ROUND(INDEX(Retention_Overview_KPIs[],5),0) -> 56450

Sheet Home Dashboard Segments
A1: customer_segment | B1: historical_customers | C1: customer_share_pct | D1: avg_historical_orders | E1: avg_historical_revenue_per_customer | F1: avg_days_since_last_order | G1: future_repeat_customers | H1: future_repeat_purchase_rate | I1: avg_future_revenue_per_customer
A2: Loyal & Active | B2: 7099 | C2: 14.84 | D2: 8.58 | E2: 370116.32 | F2: 39.2 | G2: 2501 | H2: 35.23 | I2: 18966.32
A3: Loyal but Cooling | B3: 4843 | C3: 10.12 | D3: 8.09 | E3: 341691 | F3: 174.6 | G3: 1556 | H3: 32.13 | I3: 17350.63
A4: Developing | B4: 12792 | C4: 26.74 | D4: 4.49 | E4: 199172.4 | F4: 42.7 | G4: 3971 | H4: 31.04 | I4: 16316.68
A5: Low Engagement / Lapsed | B5: 23101 | C5: 48.29 | D5: 3.83 | E5: 166517.37 | F5: 268.7 | G5: 7023 | H5: 30.4 | I5: 15540.72

Sheet Home Dashboard Segment Bubbles
A1: customer_segment | B1: recency_bin_start | C1: recency_bin_end | D1: recency_bin_midpoint | E1: historical_orders | F1: customer_count
A2: Loyal & Active | B2: 1 | C2: 10 | D2: 5.5 | E2: 7 | F2: 380
A3: Loyal & Active | B3: 1 | C3: 10 | D3: 5.5 | E3: 8 | F3: 264
A4: Loyal & Active | B4: 1 | C4: 10 | D4: 5.5 | E4: 9 | F4: 177
A5: Loyal & Active | B5: 1 | C5: 10 | D5: 5.5 | E5: 10 | F5: 115
A6: Loyal & Active | B6: 1 | C6: 10 | D6: 5.5 | E6: 11 | F6: 58
A7: Loyal & Active | B7: 1 | C7: 10 | D7: 5.5 | E7: 12 | F7: 35
A8: Loyal & Active | B8: 1 | C8: 10 | D8: 5.5 | E8: 13 | F8: 18
A9: Loyal & Active | B9: 1 | C9: 10 | D9: 5.5 | E9: 14 | F9: 17
A10: Loyal & Active | B10: 1 | C10: 10 | D10: 5.5 | E10: 15 | F10: 9
A11: Loyal & Active | B11: 1 | C11: 10 | D11: 5.5 | E11: 16 | F11: 8
A12: Loyal & Active | B12: 1 | C12: 10 | D12: 5.5 | E12: 17 | F12: 6
A13: Loyal & Active | B13: 1 | C13: 10 | D13: 5.5 | E13: 18 | F13: 2
... A765: Low Engagement / Lapsed | B765: 721 | C765: 730 | D765: 725.5 | E765: 1 | F765: 26

Sheet Purchasing - Frequency
A1: purchase_frequency_group | B1: historical_customers | C1: future_repeat_customers | D1: future_repeat_purchase_rate | E1: avg_future_revenue_per_customer
A2: 1-2 | B2: 5704 | C2: 1755 | D2: 30.77 | E2: 15334.17
A3: 3-4 | B3: 15014 | C3: 4535 | D3: 30.21 | E3: 15999.16
A4: 5-6 | B4: 15175 | C4: 4704 | D4: 31 | E4: 15818.89
A5: 7-8 | B5: 7896 | C5: 2536 | D5: 32.12 | E5: 16910.03
A6: 9+ | B6: 4046 | C6: 1521 | D6: 37.59 | E6: 21045.35

Sheet Purchasing - Spending
A1: historical_spending_group | B1: historical_customers | C1: future_repeat_customers | D1: future_repeat_purchase_rate | E1: avg_future_revenue_per_customer
A2: Low Spend | B2: 11959 | C2: 3627 | D2: 30.33 | E2: 16014.5
A3: Medium Spend | B3: 11959 | C3: 3765 | D3: 31.48 | E3: 15914.35
A4: High Spend | B4: 11959 | C4: 3772 | D4: 31.54 | E4: 16603.74
A5: Very High Spend | B5: 11958 | C5: 3887 | D5: 32.51 | E5: 17226.86
A7: Tier | B7: Historical Spending | C7: Historical Avg Order Value
A8: Low | B8: {=Historical_Spending_Analysis[future_repeat_purchase_rate]} -> 30.33 | C8: {=Historical_AOV_Analysis[future_repeat_purchase_rate]} -> 30.63
A9: Medium | B9: 31.48 | C9: 32.16
A10: High | B10: 31.54 | C10: 31.51
A11: Very High | B11: 32.51 | C11: 31.56

Sheet Purchasing - AOV
A1: historical_aov_group | B1: historical_customers | C1: future_repeat_customers | D1: future_repeat_purchase_rate | E1: avg_future_revenue_per_customer
A2: Low AOV | B2: 11959 | C2: 3663 | D2: 30.63 | E2: 16192.79
A3: Medium AOV | B3: 11959 | C3: 3846 | D3: 32.16 | E3: 17155.04
A4: High AOV | B4: 11959 | C4: 3768 | D4: 31.51 | E4: 15549.37
A5: Very High AOV | B5: 11958 | C5: 3774 | D5: 31.56 | E5: 16862.22

Sheet Purchasing - Recency
A1: recency_group | B1: historical_customers | C1: future_repeat_customers | D1: future_repeat_purchase_rate | E1: avg_future_revenue_per_customer
A2: 0-30 | B2: 7839 | C2: 2569 | D2: 32.77 | E2: 17775.97
A3: 31-90 | B3: 12052 | C3: 3903 | D3: 32.38 | E3: 16928.23
A4: 91-180 | B4: 11563 | C4: 3578 | D4: 30.94 | E4: 15633.09
A5: 181-365 | B5: 10971 | C5: 3407 | D5: 31.05 | E5: 16079.58
A6: 366+ | B6: 5410 | C6: 1594 | D6: 29.46 | E6: 15870.75

Sheet Digital - Engagement Repeat
A1: engagement_group | B1: historical_customers | C1: future_repeat_customers | D1: future_repeat_purchase_rate
A2: 1-4 | B2: 11201 | C2: 3496 | D2: 31.21
A3: 5-6 | B3: 14359 | C3: 4411 | D3: 30.72
A4: 7-8 | B4: 12044 | C4: 3696 | D4: 30.69
A5: 9+ | B5: 10150 | C5: 3420 | D5: 33.69

Sheet Digital - Engagement Value
A1: engagement_group | B1: historical_customers | C1: avg_future_revenue_per_customer
A2: 1-4 Events | B2: 11201 | C2: 18040.01
A3: 5-6 Events | B3: 14359 | C3: 15237.02
A4: 7-8 Events | B4: 12044 | C4: 15256.33
A5: 9+ Events | B5: 10150 | C5: 17801.73

Sheet Digital - Behavior Repeat
A1: behavior | B1: customers_performed | C1: customers_not_performed | D1: repeat_rate_performed | E1: repeat_rate_not_performed | F1: repeat_rate_lift_percentage_points | H1: Digital Behavior | I1: Repeat Rate Lift
A2: Page View | B2: 46827 | C2: 927 | D2: 31.51 | E2: 28.8 | F2: 2.71 | H2: =Digital_Behavior___Repeat_Purchasing[[#This Row],[behavior]] -> Page View | I2: =Digital_Behavior___Repeat_Purchasing[[#This Row],[repeat_rate_lift_percentage_points]] -> 2.71
A3: Search | B3: 29729 | C3: 18025 | D3: 31.74 | E3: 31 | F3: 0.74 | H3: =A5 -> Login | I3: =F5 -> 0.93
A4: Add to Cart | B4: 29836 | C4: 17918 | D4: 31.7 | E4: 31.06 | F4: 0.63 | H4: =A3 -> Search | I4: =F3 -> 0.74
A5: Login | B5: 22753 | C5: 25001 | D5: 31.95 | E5: 31.01 | F5: 0.93 | H5: =A4 -> Add to Cart | I5: =F4 -> 0.63

Sheet Digital - Behavior Value
A1: behavior | B1: customers_performed | C1: customers_not_performed | D1: avg_future_revenue_performed | E1: avg_future_revenue_not_performed | F1: future_revenue_difference | G1: future_revenue_lift_pct | I1: NEW future revenue difference | J1: NEW future revenue lift pct
A2: Page View | B2: 46827 | C2: 927 | D2: 16371.9 | E2: 20110.58 | F2: -3738.68 | G2: -18.59 | I2: =IF(Digital_Behavior___Future_Value[[#This Row],[future_revenue_difference]]>0,"+"&TEXT(Digital_Behavior___Future_Value[[#This Row],[future_revenue_difference]],"$#,##0.00"),TEXT(Digital_Behavior___Future_Value[[#This Row],[future_revenue_difference]],"$#,##0.00")) -> -$3,738.68 | J2: =IF(Digital_Behavior___Future_Value[[#This Row],[future_revenue_lift_pct]]>0,"+"&TEXT(Digital_Behavior___Future_Value[[#This Row],[future_revenue_lift_pct]],"0.00")&"%",TEXT(Digital_Behavior___Future_Value[[#This Row],[future_revenue_lift_pct]],"0.00")&"%") -> -18.59%
A3: Search | B3: 29729 | C3: 18025 | D3: 16598.77 | E3: 16189.99 | F3: 408.78 | G3: 2.52 | I3: =IF(Digital_Behavior___Future_Value[[#This Row],[future_revenue_difference]]>0,"+"&TEXT(Digital_Behavior___Future_Value[[#This Row],[future_revenue_difference]],"$#,##0.00"),TEXT(Digital_Behavior___Future_Value[[#This Row],[future_revenue_difference]],"$#,##0.00")) -> +$408.78 | J3: =IF(Digital_Behavior___Future_Value[[#This Row],[future_revenue_lift_pct]]>0,"+"&TEXT(Digital_Behavior___Future_Value[[#This Row],[future_revenue_lift_pct]],"0.00")&"%",TEXT(Digital_Behavior___Future_Value[[#This Row],[future_revenue_lift_pct]],"0.00")&"%") -> +2.52%
A4: Add to Cart | B4: 29836 | C4: 17918 | D4: 16353.71 | E4: 16595.61 | F4: -241.9 | G4: -1.46 | I4: =IF(Digital_Behavior___Future_Value[[#This Row],[future_revenue_difference]]>0,"+"&TEXT(Digital_Behavior___Future_Value[[#This Row],[future_revenue_difference]],"$#,##0.00"),TEXT(Digital_Behavior___Future_Value[[#This Row],[future_revenue_difference]],"$#,##0.00")) -> -$241.90 | J4: =IF(Digital_Behavior___Future_Value[[#This Row],[future_revenue_lift_pct]]>0,"+"&TEXT(Digital_Behavior___Future_Value[[#This Row],[future_revenue_lift_pct]],"0.00")&"%",TEXT(Digital_Behavior___Future_Value[[#This Row],[future_revenue_lift_pct]],"0.00")&"%") -> -1.46%
A5: Login | B5: 22753 | C5: 25001 | D5: 16592.59 | E5: 16309.67 | F5: 282.92 | G5: 1.73 | I5: =IF(Digital_Behavior___Future_Value[[#This Row],[future_revenue_difference]]>0,"+"&TEXT(Digital_Behavior___Future_Value[[#This Row],[future_revenue_difference]],"$#,##0.00"),TEXT(Digital_Behavior___Future_Value[[#This Row],[future_revenue_difference]],"$#,##0.00")) -> +$282.92 | J5: =IF(Digital_Behavior___Future_Value[[#This Row],[future_revenue_lift_pct]]>0,"+"&TEXT(Digital_Behavior___Future_Value[[#This Row],[future_revenue_lift_pct]],"0.00")&"%",TEXT(Digital_Behavior___Future_Value[[#This Row],[future_revenue_lift_pct]],"0.00")&"%") -> +1.73%
A7: Behavior | B7: Performed | C7: Not Performed | D7: Position | E7: Positive Error | F7: Negative Error
A8: {=Digital_Behavior___Future_Value[behavior]} -> Page View | B8: {=Digital_Behavior___Future_Value[avg_future_revenue_performed]} -> 16371.9 | C8: {=Digital_Behavior___Future_Value[avg_future_revenue_not_performed]} -> 20110.58 | D8: 4 | E8: =MAX(0,C8-B8) -> 3738.68 | F8: =MAX(0,B8-C8) -> 0
A9: Search | B9: 16598.77 | C9: 16189.99 | D9: 3 | E9: =MAX(0,C9-B9) -> 0 | F9: =MAX(0,B9-C9) -> 408.78
A10: Add to Cart | B10: 16353.71 | C10: 16595.61 | D10: 2 | E10: =MAX(0,C10-B10) -> 241.9 | F10: =MAX(0,B10-C10) -> 0
A11: Login | B11: 16592.59 | C11: 16309.67 | D11: 1 | E11: =MAX(0,C11-B11) -> 0 | F11: =MAX(0,B11-C11) -> 282.92

Sheet Support - Ticket Frequency
A1: support_frequency_group | B1: historical_customers | C1: future_repeat_customers | D1: future_repeat_purchase_rate | E1: avg_future_revenue_per_customer
A2: 0 | B2: 29936 | C2: 9369 | D2: 31.3 | E2: 15877.36
A3: 1 | B3: 13928 | C3: 4373 | D3: 31.4 | E3: 17505.07
A4: 2 | B4: 3311 | C4: 1074 | D4: 32.44 | E4: 16513.09
A5: 3+ | B5: 660 | C5: 235 | D5: 35.61 | E5: 19106.1

Sheet Support - Sentiment
A1: sentiment | B1: historical_customers | C1: future_repeat_customers | D1: future_repeat_purchase_rate | E1: avg_future_revenue_per_customer | G1: Repeat Rate Label
A2: positive | B2: 5923 | C2: 1946 | D2: 32.85 | E2: 17359.5 | G2: {=TEXT(Support_Sentiment_Analysis[avg_future_revenue_per_customer],"$#,##0")&CHAR(10)&"(Repeat Purchase Rate: "&TEXT(Support_Sentiment_Analysis[future_repeat_purchase_rate],"0.0")&"%)"} -> $17,360 (Repeat Purchase Rate: 32.9%)
A3: neutral | B3: 5981 | C3: 1870 | D3: 31.27 | E3: 16172.24 | G3: $16,172 (Repeat Purchase Rate: 31.3%)
A4: negative | B4: 5995 | C4: 1866 | D4: 31.13 | E4: 18607.01 | G4: $18,607 (Repeat Purchase Rate: 31.1%)

Sheet Support - Resolution Time
A1: resolution_time_group | B1: historical_customers | C1: future_repeat_customers | D1: future_repeat_purchase_rate | E1: avg_future_revenue_per_customer
A2: 0-72 Hours | B2: 4741 | C2: 1489 | D2: 31.41 | E2: 19072.8
A3: 73-120 Hours | B3: 4085 | C3: 1347 | D3: 32.97 | E3: 17841.02
A4: 121-168 Hours | B4: 4216 | C4: 1334 | D4: 31.64 | E4: 16525.6
A5: 169+ Hours | B5: 4857 | C5: 1512 | D5: 31.13 | E5: 16083.77

Sheet Support - Issue Type
A1: issue_type | B1: historical_customers | C1: future_repeat_customers | D1: future_repeat_purchase_rate | E1: avg_future_revenue_per_customer
A2: refund | B2: 4546 | C2: 1464 | D2: 32.2 | E2: 18061.26
A3: product | B3: 4446 | C3: 1408 | D3: 31.67 | E3: 16664.94
A4: payment | B4: 4486 | C4: 1409 | D4: 31.41 | E4: 17682.92
A5: delay | B5: 4421 | C5: 1401 | D5: 31.69 | E5: 17093.67
